Date,Company,Sentiment_Label,Sentiment_Score,Confidence,Article_Count,Explanation
2024-12-30,ASIRI,NEUTRAL,0,0.0,0,"The sentiment for ASIRI is classified as neutral, with a sentiment score of 0 and a confidence level of 0.0. This means that there has been no significant positive or negative news coverage about the company, as indicated by the absence of any news articles (0 articles).

The neutral sentiment suggests that there is currently no strong opinion or emotional response from the market regarding ASIRI. For investors, this implies that there may be little to no immediate action or interest in the stock. A neutral sentiment can indicate stability, but it may also reflect a lack of engagement or awareness about the company's performance or prospects.

In summary, the neutral sentiment with no news coverage means that ASIRI is not in the spotlight at the moment, and investors should be cautious, as the lack of information could lead to uncertainty about future performance."
2024-12-30,BPPL HOLDINGS,POSITIVE,1,0.832,17,"The positive sentiment for BPPL Holdings, indicated by a sentiment score of 1 and a confidence level of 0.832, suggests that recent news coverage about the company has been largely favorable. This score reflects a strong consensus among the 17 news articles analyzed, which likely highlighted positive developments such as strong financial performance, successful product launches, strategic partnerships, or favorable market conditions.

For investors, a positive sentiment implies that the market perceives BPPL Holdings as a potentially good investment opportunity. This could lead to increased investor interest and potentially drive up the stock price. However, it is important for investors to consider the broader context and conduct further research, as sentiment can change quickly based on new information or market dynamics. Overall, the current positive sentiment indicates optimism about the company's future prospects."
2024-12-30,CARGILLS,POSITIVE,1,0.813,18,"The positive sentiment for CARGILLS, indicated by a sentiment score of 1 and a confidence level of 0.813, suggests that the overall news coverage and public perception of the company are favorable. This score is derived from analyzing 18 news articles, which likely highlighted positive developments such as strong financial performance, successful product launches, or strategic partnerships.

For investors, this positive sentiment implies that the market may view CARGILLS as a strong investment opportunity. A high confidence level of 0.813 indicates that the sentiment analysis is reliable, suggesting that investors can feel more assured about the positive outlook. This could lead to increased interest in the company's stock, potentially driving up its price as more investors buy shares in anticipation of future growth. Overall, the positive sentiment reflects a general optimism about CARGILLS' prospects, which could be beneficial for current and prospective investors."
2024-12-30,CIC,NEGATIVE,-1,0.828,14,"The sentiment for CIC is classified as negative, with a sentiment score of -1 and a confidence level of 0.828. This means that the overall tone of the news articles related to CIC is unfavorable, indicating that the majority of the coverage is critical or pessimistic about the company's prospects.

Several factors could contribute to this negative sentiment. For instance, the news articles may have reported poor financial results, management issues, or negative market conditions affecting the company. Additionally, any recent controversies or unfavorable developments could have further influenced public perception.

For investors, a negative sentiment score suggests caution. It implies that the market may view CIC as a risky investment at this time. Investors might consider this information when making decisions, as negative sentiment can lead to declining stock prices and increased volatility. Therefore, it is essential for investors to stay informed about the reasons behind this sentiment and assess whether it aligns with their investment strategy and risk tolerance."
2024-12-30,CEYLINCO INS.,POSITIVE,1,0.781,8,"The positive sentiment for Ceylinco Insurance, indicated by a sentiment score of 1 and a confidence level of 0.781, suggests that recent news articles about the company have been favorable. A sentiment score of 1 typically means that the majority of the coverage is optimistic, highlighting positive developments or achievements within the company.

The confidence level of 0.781 indicates a relatively high degree of certainty in this sentiment analysis, suggesting that the positive outlook is backed by a substantial amount of information. With 8 news articles contributing to this sentiment, it shows that there is a consistent narrative supporting the positive view.

For investors, this positive sentiment implies that the market may view Ceylinco Insurance as a strong investment opportunity. Positive news can lead to increased investor interest, potentially driving up the stock price. Investors might consider this sentiment as a signal to buy or hold shares, anticipating that the company's favorable developments could lead to better financial performance in the future. However, it is essential for investors to conduct further research and consider other factors before making investment decisions."
2024-12-30,CEYLINCO HOLD,NEGATIVE,-1,0.856,17,"The sentiment for Ceylinco Hold is classified as negative, with a sentiment score of -1 and a high confidence level of 0.856. This indicates that the majority of news articles (17 in total) about the company have conveyed unfavorable information or perspectives.

Several factors could contribute to this negative sentiment:

1. **Financial Performance**: If recent reports indicate poor financial results, such as declining revenues or increasing losses, this would lead to negative sentiment among investors and analysts.

2. **Market Conditions**: Broader economic challenges, such as a downturn in the industry or unfavorable market conditions, can also negatively impact investor perception.

3. **Management Decisions**: Negative news regarding management decisions, such as strategic missteps or controversies, can erode investor confidence.

4. **Regulatory Issues**: Any legal or regulatory challenges faced by the company could also contribute to a negative outlook.

For investors, a negative sentiment score suggests caution. It implies that the market may expect further declines in the company's stock price or overall performance. Investors might consider this sentiment when making decisions, as it could indicate potential risks associated with holding or investing in Ceylinco Hold at this time."
2024-12-30,COMMERCIAL BANK,POSITIVE,1,0.843,16,"The positive sentiment for Commercial Bank, indicated by a sentiment score of 1 and a confidence level of 0.843, suggests that recent news articles about the bank have been largely favorable. This score reflects a strong consensus among the articles, with 16 pieces of news contributing to this overall positive outlook.

Several factors could have contributed to this positive sentiment. For instance, the bank may have reported strong financial results, announced new products or services, or received favorable ratings from analysts. Additionally, positive developments in the broader economic environment, such as lower interest rates or increased consumer confidence, could also enhance investor sentiment towards the bank.

For investors, a positive sentiment implies that the market perceives Commercial Bank as a strong investment opportunity. This could lead to increased demand for the bank's stock, potentially driving up its price. Investors might interpret this sentiment as a signal to buy shares, anticipating that the bank's positive trajectory will continue. However, it is essential for investors to conduct further research and consider other factors before making investment decisions."
2024-12-30,CEYLON TOBACCO,POSITIVE,1,0.905,17,"The positive sentiment for Ceylon Tobacco, indicated by a sentiment score of 1 and a high confidence level of 0.905, suggests that recent news articles about the company have been favorable. A sentiment score of 1 typically means that the majority of the news coverage is optimistic, highlighting positive developments or achievements related to the company.

The high confidence level of 0.905 indicates that there is strong certainty in this positive sentiment, suggesting that the analysis is based on a robust set of data. In this case, 17 news articles were analyzed, which provides a substantial basis for the sentiment assessment.

For investors, this positive sentiment implies that the market may view Ceylon Tobacco favorably, potentially leading to increased investor interest and confidence in the company's future performance. Positive news can enhance the company's reputation, attract new investors, and possibly lead to an increase in stock prices. Therefore, investors might consider this sentiment as a signal to either invest in or hold onto their shares in Ceylon Tobacco, anticipating potential growth or stability in the company's value."
2024-12-30,DIALOG,NEGATIVE,-1,0.822,18,"The sentiment for DIALOG is classified as negative, with a sentiment score of -1 and a high confidence level of 0.822. This score indicates that the majority of news articles related to DIALOG have conveyed unfavorable information or opinions about the company. 

The negative sentiment could arise from several factors, such as disappointing financial results, concerns about future growth, management issues, or adverse market conditions affecting the company. The presence of 18 news articles suggests that there has been significant media coverage, which can amplify the impact of negative news on investor perception.

For investors, a negative sentiment implies caution. It suggests that the market may have a pessimistic view of DIALOG's future performance, which could lead to a decline in stock prices. Investors might consider this sentiment when making decisions, as it could indicate potential risks associated with investing in DIALOG at this time. It is essential for investors to stay informed and assess whether the negative sentiment reflects temporary issues or deeper, more systemic problems within the company."
2024-12-30,GESTETNER,NEGATIVE,-1,0.948,2,"The sentiment for GESTETNER is classified as negative, with a sentiment score of -1 and a high confidence level of 0.948. This indicates that the overall tone of the news articles related to the company is unfavorable. 

The negative sentiment likely arose from the content of the two news articles, which may have reported on poor financial performance, management issues, or negative market reactions. Such news can lead to a lack of investor confidence and a pessimistic outlook on the company's future prospects.

For investors, a negative sentiment suggests caution. It implies that the market may expect GESTETNER to face challenges ahead, which could affect its stock price negatively. Investors should consider this sentiment when making decisions, as it may indicate a higher risk associated with investing in GESTETNER at this time."
2024-12-30,JKH,NEGATIVE,-1,0.85,16,"The sentiment for JKH is classified as negative, with a sentiment score of -1 and a high confidence level of 0.85. This indicates that the majority of news articles related to the company have conveyed unfavorable information or perspectives. 

The negative sentiment could arise from various factors, such as disappointing financial results, management issues, regulatory challenges, or negative market conditions affecting the company's performance. With 16 news articles contributing to this sentiment, it suggests that there is a significant amount of coverage, reinforcing the negative outlook.

For investors, a negative sentiment score implies caution. It may indicate potential risks associated with investing in JKH at this time. Investors might want to consider the reasons behind the negative sentiment and assess whether these issues are temporary or indicative of deeper problems within the company. Overall, this sentiment suggests that investors should be vigilant and possibly reconsider their investment strategies regarding JKH."
2024-12-30,LANKA IOC,NEUTRAL,0,0.0,0,"The sentiment for LANKA IOC is classified as neutral, with a sentiment score of 0 and a confidence level of 0.0. This means that there has been no significant positive or negative news coverage about the company, as indicated by the absence of news articles (0 articles). 

A neutral sentiment implies that investors currently have no strong feelings—either positive or negative—about LANKA IOC. This could suggest a few things:

1. **Stability**: The lack of news might indicate that the company is stable and not facing any immediate issues or exciting developments. Investors may view this as a sign of consistency.

2. **Lack of Interest**: The absence of news could also mean that the market is not particularly interested in LANKA IOC at this time. This could be due to various factors, such as the company's performance, market conditions, or competition.

3. **Caution**: For investors, a neutral sentiment may signal caution. Without any news to guide their decisions, investors might choose to hold off on buying or selling shares until more information becomes available.

In summary, the neutral sentiment towards LANKA IOC suggests that there is currently no compelling reason for investors to take action, reflecting a wait-and-see approach in the market."
2024-12-30,L O L C HOLDINGS,POSITIVE,1,0.842,18,"The positive sentiment for L O L C Holdings, indicated by a sentiment score of 1 and a confidence level of 0.842, suggests that recent news coverage about the company has been largely favorable. This score reflects a strong consensus among the 18 news articles analyzed, which likely highlighted positive developments such as strong financial performance, successful product launches, or favorable market conditions.

For investors, this positive sentiment implies that the market perceives L O L C Holdings as a potentially good investment opportunity. A high confidence level of 0.842 indicates that the positive sentiment is backed by a substantial amount of reliable information, reducing uncertainty about the company's prospects. Investors may interpret this as a signal to consider buying shares, as positive news can lead to increased demand and potentially higher stock prices in the future. However, it is important for investors to conduct further research and consider other factors before making investment decisions."
2024-12-30,OVERSEAS REALTY,NEUTRAL,0,0.0,0,"The sentiment for Overseas Realty is classified as ""neutral"" with a sentiment score of 0 and a confidence level of 0.0. This means that there has been no significant positive or negative news coverage about the company, as indicated by the absence of news articles (0 articles).

A neutral sentiment implies that there is currently no strong opinion or feeling about the company's stock among investors or analysts. This could suggest a few things:

1. **Lack of Information**: The absence of news articles means that investors do not have new information to influence their views on the company's performance or prospects. Without news, there is less reason for investors to feel optimistic or pessimistic.

2. **Stability**: A neutral sentiment can also indicate stability in the company's operations or market position. Investors may perceive that the company is not facing any immediate challenges or opportunities that would warrant a change in sentiment.

3. **Caution**: Investors might exercise caution in such situations. A neutral sentiment does not provide a clear direction for investment decisions, leading some investors to hold off on buying or selling the stock until more information becomes available.

In summary, the neutral sentiment for Overseas Realty suggests that there is currently no compelling reason for investors to change their positions on the stock. Investors may want to monitor the company for future developments that could influence sentiment and provide clearer investment signals."
2024-12-30,PALM GARDEN HOTL,NEUTRAL,0,0.0,0,"The sentiment for Palm Garden Hotel is classified as ""neutral"" with a sentiment score of 0 and a confidence level of 0.0. This means that there has been no significant positive or negative news coverage about the company, as indicated by the absence of any news articles (0 articles).

The neutral sentiment suggests that there is currently no strong opinion or feeling about Palm Garden Hotel in the market. For investors, this implies that there may be a lack of information or developments that could influence the stock's performance. Consequently, investors might consider this a stable period for the company, but it also means that there are no immediate catalysts for price movement. 

In summary, the neutral sentiment indicates a wait-and-see approach for investors, as they may want to monitor future news or developments before making any investment decisions."
2024-12-30,SINGER SRI LANKA,POSITIVE,1,0.781,19,"The positive sentiment for SINGER SRI LANKA, indicated by a sentiment score of 1 and a confidence level of 0.781, suggests that recent news coverage about the company has been largely favorable. This score is derived from analyzing 19 news articles, which likely highlighted positive developments such as strong financial performance, successful product launches, or strategic partnerships.

The high confidence level of 0.781 indicates a strong degree of certainty in this positive sentiment, meaning that the analysis of the news articles consistently points to an optimistic view of the company's future prospects.

For investors, this positive sentiment implies that the market may view SINGER SRI LANKA as a potentially good investment opportunity. Positive news can lead to increased investor interest, which may drive up the stock price. However, investors should also consider other factors, such as overall market conditions and the company's fundamentals, before making investment decisions."
2024-12-30,AMBEON CAPITAL,POSITIVE,1,0.816,15,"The positive sentiment for AMBEON CAPITAL, reflected by a sentiment score of 1 and a confidence level of 0.816, indicates that the majority of news articles about the company are favorable. This score suggests that investors and analysts are generally optimistic about the company's performance and future prospects.

Several factors could contribute to this positive sentiment:

1. **Strong Financial Performance**: If recent financial reports show growth in revenue or profits, it can lead to positive coverage in the media.
   
2. **Strategic Developments**: Announcements regarding new projects, partnerships, or expansions can generate excitement and confidence among investors.

3. **Market Trends**: Positive trends in the industry or sector in which AMBEON CAPITAL operates can also enhance sentiment, as investors may feel more secure about the company's position within a growing market.

4. **Management Actions**: Effective leadership decisions, such as cost-cutting measures or innovative strategies, can improve investor confidence and lead to favorable news coverage.

For investors, a positive sentiment score suggests that now may be a good time to consider investing in AMBEON CAPITAL. It indicates that the market perceives the company as having strong potential for growth, which could lead to increased stock prices. However, investors should also conduct their own research and consider other factors before making investment decisions."
2024-12-30,TEEJAY LANKA,NEUTRAL,0,0.0,0,"The sentiment for TEEJAY LANKA is classified as neutral, with a sentiment score of 0 and a confidence level of 0.0. This means that there has been no significant positive or negative news coverage about the company, as indicated by the absence of news articles (0 articles). 

A neutral sentiment implies that there are no strong opinions or feelings about TEEJAY LANKA in the market at this time. For investors, this could suggest a few things:

1. **Stability**: The lack of news may indicate that the company is currently stable, with no major developments that could affect its stock price in either direction.

2. **Lack of Interest**: The absence of news coverage might also reflect a lack of investor interest or activity surrounding the company, which could lead to lower trading volumes.

3. **Caution**: Investors may want to be cautious, as a neutral sentiment does not provide any clear signals for buying or selling the stock. It may be wise to wait for more information or developments before making investment decisions.

In summary, the neutral sentiment indicates a period of calm for TEEJAY LANKA, but it also suggests that investors should remain vigilant for future news that could impact the company's performance."
2024-12-30,KELANI TYRES,NEGATIVE,-1,0.888,16,"The final sentiment for KELANI TYRES is classified as negative, with a sentiment score of -1 and a high confidence level of 0.888. This indicates a strong consensus among the news articles analyzed, suggesting that the overall tone of the coverage is unfavorable.

Several factors could contribute to this negative sentiment. For instance, the news articles may have reported on poor financial performance, management issues, product recalls, or adverse market conditions affecting the company. Negative news can lead to concerns about the company's future profitability and stability.

For investors, a negative sentiment implies caution. It suggests that the market may expect challenges ahead for KELANI TYRES, which could lead to a decline in stock prices. Investors might consider this information when making decisions about buying, holding, or selling shares in the company. A negative sentiment could also indicate a potential opportunity for value investors if they believe the market has overreacted and the company's fundamentals remain strong. However, it is essential for investors to conduct further research and consider other factors before making investment decisions."
2024-12-30,VIDULLANKA,POSITIVE,1,0.838,17,"The positive sentiment for VIDULLANKA, indicated by a sentiment score of 1 and a confidence level of 0.838, suggests that the overall news coverage and public perception of the company are favorable. This score is derived from analyzing 17 news articles, which likely highlighted positive developments, such as strong financial performance, successful projects, or favorable market conditions.

A sentiment score of 1 indicates a strong positive outlook, while the confidence level of 0.838 suggests that there is a high degree of certainty in this assessment. This means that investors can be relatively confident that the positive sentiment reflects genuine optimism about the company's future prospects.

For investors, this positive sentiment implies that there may be potential for stock price appreciation, as favorable news can attract more investors and increase demand for the stock. However, it is essential for investors to consider other factors, such as market conditions and company fundamentals, before making investment decisions. Overall, the positive sentiment surrounding VIDULLANKA indicates a potentially promising investment opportunity."
